https://quiz.marquiz.ru/5cad94ca05e2470044d2c396?_ga=660224137.1656953973&cookies=%7B%22_ym_uid%22%3A%221656953973662803955%22%2C%22_ga%22%3A%22GA1.2.660224137.1656953973%22%7D&href=https%3A%2F%2Fr.vit-s.ru%2Fnovaya-kvartira-s-vygodoj-do-270-000-rublej%2F,https://quiz.marquiz.ru/static/fonts/Gilroy/Medium.woff2
https://www.acmtalent.com/,https://use.typekit.net/af/3e9574/000000000000000000010b62/27/l?subset_id=2&fvd=n9&v=3
https://www.ifafoundation.org/,https://static.parastorage.com/services/wix-vod-widget/df009336a13c216ac2eaaac90f0ac4fa2c61bed7c394488f045e2a28/fonts/fontello-6ca0253cd9b16fcb5dcf9e7f7ca6c1ef.woff
https://westcoastin.com/wp-content/themes/porto/css/plugins_1.css?ver=5.5.9,https://westcoastin.com/wp-content/themes/porto/fonts/minicart-font/minicart-font.woff?v=1.0
https://www.hbm.hu/wp-content/plugins/ct-ultimate-gdpr/assets/css/fonts/fonts.css?ver=6.0,https://www.hbm.hu/wp-content/plugins/ct-ultimate-gdpr/assets/css/fonts/montserrat/Montserrat-SemiBold.woff2
https://ontarioberries.com/css/fontkit/stylesheet.css,https://ontarioberries.com/css/fontkit/elsnerflake_-_windsoref-bold-webfont.woff2
https://batavia90.nl/wp-content/plugins/elementor/assets/lib/font-awesome/css/all.min.css?ver=4.9.20,https://batavia90.nl/wp-content/plugins/elementor/assets/lib/font-awesome/webfonts/fa-solid-900.woff2
https://www.mrshortgame.com/premium-membership/,https://www.mrshortgame.com/wp-content/plugins/bloom/core/admin/fonts/modules.ttf
https://www.the-eshow.mx/,https://static.wixstatic.com/ufonts/c59cfc_157f288f30c743499a8cf98575c10d0b/woff2/file.woff2
https://sf.wildapricot.org/BuiltTheme/building_blocks_duotone.v3.0/current/0dbf01d4/styles/combined.css,https://sf.wildapricot.org/BuiltTheme/building_blocks_duotone.v3.0/current/0dbf01d4/Fonts/ubuntu-m-webfont.woff2
https://www.agriland.ee/,https://www.agriland.ee/templates/purity_iii/fonts/sourcesanspro/sourcesanspro-semibold.woff2
https://autohoist.com.au/wp-content/cache/autoptimize/css/autoptimize_b7a3a34e8d872dea4990b588349205b6.css,https://autohoist.com.au/wp-content/plugins/elementor/assets/lib/font-awesome/webfonts/fa-solid-900.woff2
http://www.hondjeshoeve.be/,https://use.typekit.net/af/2cd6bf/00000000000000000001008f/27/l?subset_id=2&fvd=n5&v=3
https://www.tutorialmaster.org/wp-content/themes/Extra/style.css?ver=4.8.2,https://www.tutorialmaster.org/wp-content/themes/Extra/core/admin/fonts/modules.ttf
